QID,代號,來源,類別,年份,題型,題號,題目簡述,答案,章節,章節（短）,P,Ph,Pm,Pl,P90,P70,P50,P30,P10,T,D,D1,D2,D3,D4,TA,TB,TC,TD,TE,HA,HB,HC,HD,HE,LA,LB,LC,LD,LE
,sdczk-mj091-1-01ax,指考數甲091,指考數甲,091,單選,1,正立方體內四頂點距離1,(B),msskx 空間向量,,55,84,54,27,90,71,54,38,21,,57,,,,,6,55,31,1,,2,84,12,0,,10,27,51,2,
,sdczk-mj091-1-02ax,指考數甲091,指考數甲,091,單選,2,五院院長的答對率,(C),msdtj 統計,,91,99,93,81,99,97,95,90,76,,18,,,,,1,2,91,1,,0,0,99,0,,2,6,81,3,
,sdczk-mj091-1-03ax,指考數甲091,指考數甲,091,多選,3,$\cos x +\frac{4}{\cos x}$$,(A)(B),msssj 三角函數,,33,57,32,10,64,44,31,20,5,,47,,,,,82,54,27,42,,96,66,23,25,,63,45,33,55,
,sdczk-mj091-1-04ax,指考數甲091,指考數甲,091,多選,4,兩相交橢圓,(B)(C)(D),msseq 二次曲線,,38,56,37,21,61,47,39,29,16,,35,,,,,45,69,86,65,,38,80,95,75,,53,59,75,56,
,sdczk-mj091-1-05ax,指考數甲091,指考數甲,091,多選,5,轉移矩陣,(A)(C),msajz 矩陣與方程組,,56,83,61,24,88,74,60,43,14,,59,,,,,70,26,83,15,,90,12,96,7,,48,41,66,25,
,sdczk-mj091-1-06ax,指考數甲091,指考數甲,091,多選,6,役男體檢,(A)(B),msdjl 機率,,46,77,45,16,84,63,47,28,10,,61,,,,,74,77,34,24,,93,95,22,11,,52,58,43,34,
,sdczk-mj091-1-07ax,指考數甲091,指考數甲,091,多選,7,機動利率,(A)(B),msckx 數學綜合概念,,62,89,65,32,93,80,65,49,22,,57,,,,,73,79,22,7,,92,95,8,1,,53,62,35,15,
,sdczk-mj091-1-08ax,指考數甲091,指考數甲,091,多選,8,風速與氧化物濃度,(C)(D),msdtj 統計,,49,77,52,18,83,66,51,35,10,,59,,,,,24,36,81,78,,12,22,94,95,,37,50,65,58,
,sdczk-mj091-1-09ax,指考數甲091,指考數甲,091,填充,A,坐標化計算角度,$\frac{3}{4}$,msspx 平面向量,,24,47,18,7,58,28,16,10,6,,40,,,,,,,,,,,,,,,,,,,
,sdczk-mj091-1-10ax,指考數甲091,指考數甲,091,填充,B,絕對值不等式,$\frac{9}{2}$,mssjy 直線與圓,,33,64,27,8,74,44,28,15,6,,56,,,,,,,,,,,,,,,,,,,
,sdczk-mj091-1-11ax,指考數甲091,指考數甲,091,填充,C,外接圓的直徑,$2$,msalm 極限,,50,77,49,24,83,53,48,34,21,,53,,,,,,,,,,,,,,,,,,,
,sdczk-mj091-1-12ax,指考數甲091,指考數甲,091,非選,一,黑白球抽出兩球,$5$,msdjl 機率,,,,,,,,,,,,,,,,,,,,,,,,,,,,,,,
,sdczk-mj091-1-13ax,指考數甲091,指考數甲,091,非選,二,四次方程無實根,$-1 < m < 1$,msadx 多項式,,,,,,,,,,,,,,,,,,,,,,,,,,,,,,,
,sdczk-mj092-1-01ax,指考數甲092,指考數甲,092,單選,1,兩邊一角估計第三邊,(B),msssj 三角函數,,67,91,70,40,93,85,70,59,30,,51,8,15,11,29,14,67,12,4,,5,91,3,1,,22,40,22,9,
,sdczk-mj092-1-02ax,指考數甲092,指考數甲,092,單選,2,高低收入變化,(C),msajz 矩陣,,79,96,84,57,98,92,83,72,49,,39,6,9,11,23,8,6,79,1,,1,2,96,0,,18,11,57,3,
,sdczk-mj092-1-03ax,指考數甲092,指考數甲,092,多選,3,矩陣相乘與鏡射矩陣,(A)(B)(D),msajz 矩陣與方程組,,11,33,6,-6,41,17,7,1,-10,10,39,24,10,6,11,41,44,43,55,,60,55,34,67,,28,36,51,45,
,sdczk-mj092-1-04ax,指考數甲092,指考數甲,092,多選,4,從 $7^{1000}$ 來估計 $\log 7$,(A)(B)(C),msajt 指數與對數,,44,72,43,17,79,58,44,29,11,31,55,21,14,15,18,66,68,64,23,,85,87,81,14,,46,51,48,32,
,sdczk-mj092-1-05ax,指考數甲092,指考數甲,092,多選,5,兩組相交的橢圓,(A)(B)(C)(D),msseq 二次曲線,,42,71,39,16,78,56,39,26,11,31,55,22,17,13,15,58,59,54,65,,80,83,78,86,,38,38,34,45,
,sdczk-mj092-1-06ax,指考數甲092,指考數甲,092,多選,6,增加新的限制條件,(A)(C),mssjy 直線與圓,,61,88,65,30,92,79,66,49,19,61,58,13,13,17,30,78,16,76,16,,95,6,94,6,,57,27,56,27,
,sdczk-mj092-1-07ax,指考數甲092,指考數甲,092,多選,7,已知數據的平均、中位數,(A)(B),msdtj 統計,,67,88,74,39,91,82,73,59,28,61,49,9,9,14,31,94,77,18,21,,99,92,5,10,,87,59,35,32,
,sdczk-mj092-1-08ax,指考數甲092,指考數甲,092,多選,8,三次方程式在不同 k 值的解的個數,(A)(B)(D),msswj 微積分,,20,43,16,1,54,25,15,8,-2,14,42,29,10,7,10,43,42,29,46,,63,59,24,65,,28,31,34,30,
,sdczk-mj092-1-09ax,指考數甲092,指考數甲,092,填充,A,底面為正三角形的四面體,$\frac{8}{3}$,msskx 空間向量,,21,43,16,4,55,24,15,7,2,,39,31,9,8,5,,,,,,,,,,,,,,,
,sdczk-mj092-1-10ax,指考數甲092,指考數甲,092,填充,B,開獎與前天都不同,$\frac{3}{8}$,msdjl 機率,,46,75,46,17,83,61,47,30,11,,58,22,14,17,19,,,,,,,,,,,,,,,
,sdczk-mj092-1-11ax,指考數甲092,指考數甲,092,填充,C,給橢圓焦點與頂點的四個點,$\sqrt{50}$,msseq 二次曲線,,53,83,57,19,88,72,56,35,12,,64,16,16,21,23,,,,,,,,,,,,,,,
,sdczk-mj092-1-12ax,指考數甲092,指考數甲,092,填充,D,橢圓上一點到直線的最短距離,$\sqrt{8}$,msseq 二次曲線,,16,35,10,3,47,15,10,6,2,,32,32,5,4,4,,,,,,,,,,,,,,,
,sdczk-mj093-1-01ax,指考數甲093,指考數甲,093,單選,1,五次單位方根,(C),msssj 三角函數,,42,68,36,22,78,47,37,32,15,,46,31,10,5,17,23,15,42,9,,11,6,68,6,,33,25,22,9,
,sdczk-mj093-1-02ax,指考數甲093,指考數甲,093,多選,2,$10^x=x^{10}$ 的根,(C)(D),msajt 指數與對數,,50,71,54,25,76,62,54,40,18,36,46,14,8,14,22,17,19,84,51,,6,7,94,62,,30,35,72,44,
,sdczk-mj093-1-03ax,指考數甲093,指考數甲,093,多選,3,正四面體頂點在球上,(B)(D),msskx 空間向量,,22,44,19,3,54,28,19,11,0,14,41,26,9,8,11,52,70,29,56,,50,78,14,75,,53,64,44,40,
,sdczk-mj093-1-04ax,指考數甲093,指考數甲,093,多選,4,三角函數與座標軸之間的面積,(C)(D),msssj 三角函數,,25,63,15,-3,75,39,15,2,-5,25,66,36,24,13,7,34,32,66,50,,15,20,89,71,,48,41,47,37,
,sdczk-mj093-1-05ax,指考數甲093,指考數甲,093,多選,5,多項式的微分,(A)(D),msawj 微積分,,9,54,-4,-23,69,25,-5,-18,-25,21,77,44,30,13,7,49,39,50,59,,76,17,32,81,,30,56,64,43,
,sdczk-mj093-1-06ax,指考數甲093,指考數甲,093,單選,6(題組),抽球狀態改變的機率,(A),msajz 矩陣,,87,98,93,70,99,96,93,85,62,,28,3,3,8,23,87,6,5,2,,98,1,1,0,,71,14,10,4,
,sdczk-mj093-1-07ax,指考數甲093,指考數甲,093,多選,7(題組),抽球狀態改變的機率,(B)(D),msajz 矩陣與方程組,,40,77,39,4,85,61,41,20,-4,34,73,24,20,21,24,28,72,43,81,,12,88,19,97,,45,57,65,60,
,sdczk-mj093-1-08ax,指考數甲093,指考數甲,093,多選,8(題組),抽球狀態變化的趨勢,(A)(B)(C),msajz 矩陣與方程組,,35,59,37,9,66,46,37,24,2,23,50,20,9,13,22,86,58,61,44,,93,70,80,30,,81,43,42,59,
,sdczk-mj093-1-09ax,指考數甲093,指考數甲,093,填充,A,有 xy 項係數的橢圓,$-2$,msseq 二次曲線,,28,53,24,7,64,36,24,13,5,,46,28,12,11,8,,,,,,,,,,,,,,,
,sdczk-mj093-1-10ax,指考數甲093,指考數甲,093,填充,B,tan x = x 的根,$3.14$,msssj 三角函數,,15,33,9,3,44,15,8,5,2,,30,29,7,3,3,,,,,,,,,,,,,,,
,sdczk-mj093-1-11ax,指考數甲093,指考數甲,093,非選,一,方程組不只一解,$-1+\sqrt{2}$,msajz 矩陣與方程組,,,,,,,,,,,,,,,,,,,,,,,,,,,,,,,
,sdczk-mj093-1-12ax,指考數甲093,指考數甲,093,非選,二,斜拋物線,"$(0,\frac{3}{2})$",msseq 二次曲線,,,,,,,,,,,,,,,,,,,,,,,,,,,,,,,
,sdczk-mj094-1-01ax,指考數甲094,指考數甲,094,單選,1,地震規模,(C),msajt 指數與對數,,58,76,57,41,81,66,56,48,37,,35,15,10,8,11,2,9,58,23,,1,3,76,15,,3,17,41,31,
,sdczk-mj094-1-02ax,指考數甲094,指考數甲,094,單選,2,$\sin 3\theta / \sec 3\theta$,(A),msssj 三角函數,,54,84,56,22,90,73,54,35,16,,62,17,19,19,19,54,10,12,6,,84,4,1,1,,22,17,26,11,
,sdczk-mj094-1-03ax,指考數甲094,指考數甲,094,單選,3,共軛後相等的複數解,(C),msssj 三角函數,,43,69,37,23,77,53,37,29,20,,46,24,16,8,9,18,13,43,8,,11,5,69,6,,25,22,23,9,
,sdczk-mj094-1-04ax,指考數甲094,指考數甲,094,多選,4,二次函數的疊加,(B)(D),msadx 多項式,,30,58,29,3,66,42,29,16,-4,24,55,24,13,13,20,17,65,51,63,,4,84,39,75,,33,46,58,50,
,sdczk-mj094-1-05ax,指考數甲094,指考數甲,094,多選,5,正方形內的長方形,(A)(B)(C),msckx 數學綜合概念,,57,70,61,40,72,66,61,53,33,39,30,6,5,8,20,87,94,52,21,,95,98,55,10,,76,87,46,33,
,sdczk-mj094-1-06ax,指考數甲094,指考數甲,094,多選,6,球與線段的關係,(A)(B)(D),msskx 空間向量,,59,88,65,24,91,80,65,44,14,48,64,11,15,21,30,79,68,12,75,,95,86,1,94,,58,48,27,52,
,sdczk-mj094-1-07ax,指考數甲094,指考數甲,094,多選,7,測謊器,(A)(C),msdjl 機率,,23,60,20,-11,71,39,20,3,-19,25,71,32,19,17,22,59,45,74,42,,81,25,88,25,,38,62,61,59,
,sdczk-mj094-1-08ax,指考數甲094,指考數甲,094,多選,8,矩陣的併式,(B)(C)(D),msajz 矩陣與方程組,,61,84,63,36,88,76,64,50,29,44,48,12,12,14,21,11,77,80,69,,3,91,93,85,,22,60,65,54,
,sdczk-mj094-1-09ax,指考數甲094,指考數甲,094,多選,9,拋物線與三直線相切,(B)(D),msseq 二次曲線,,-28,-24,-30,-30,-20,-30,-31,-31,-30,7,6,10,1,0,-1,77,50,68,39,,79,57,67,42,,73,44,67,36,
,sdczk-mj094-1-10ax,指考數甲094,指考數甲,094,填充,A,畢業旅行投票,$0.15$,msdjl 機率,,24,46,19,7,56,30,18,12,4,,39,26,12,6,8,,,,,,,,,,,,,,,
,sdczk-mj094-1-11ax,指考數甲094,指考數甲,094,填充,B,雙曲線上的點與漸進線的距離,$0.35$,msseq 二次曲線,,12,30,5,1,41,12,5,2,1,,29,29,7,3,1,,,,,,,,,,,,,,,
,sdczk-mj094-1-12ax,指考數甲094,指考數甲,094,非選,一,過三十的抽球,"(A) $\frac{7}{27}$, (B) $\frac{11}{27}$",msdjl 機率,,,,,,,,,,,,,,,,,,,,,,,,,,,,,,,
,sdczk-mj094-1-13ax,指考數甲094,指考數甲,094,非選,二,給橢圓的兩焦點及切線,(A) $3$ (B)  $5x^2-8xy+5y^2-4x-4y=1$,msseq 二次曲線,,,,,,,,,,,,,,,,,,,,,,,,,,,,,,,
,sdczk-mj095-1-01ax,指考數甲095,指考數甲,095,單選,1,合成函數的根,(A),msadx 多項式,,57,84,58,29,89,74,58,43,22,,55,15,16,15,21,57,6,12,6,6,84,3,4,1,1,29,9,20,13,12
,sdczk-mj095-1-02ax,指考數甲095,指考數甲,095,單選,2,二次曲線上的一點其x坐標以對數表示,(D),msajt 指數與對數,,69,91,76,40,94,85,76,60,30,,51,9,9,16,30,17,5,4,69,2,6,2,0,91,0,28,11,9,40,5
,sdczk-mj095-1-03ax,指考數甲095,指考數甲,095,單選,3,三角形周長固定,(C),msseq 二次曲線,,27,48,21,12,60,29,19,14,12,,36,31,10,5,2,9,15,27,10,4,8,12,48,5,2,11,19,13,16,6
,sdczk-mj095-1-04ax,指考數甲095,指考數甲,095,多選,4,丟銅板8次,(C)(D)(E),msdjl 機率,,44,85,50,-3,91,73,50,21,-15,40,88,18,23,29,36,22,30,70,68,69,4,6,91,87,93,47,58,49,49,43
,sdczk-mj095-1-05ax,指考數甲095,指考數甲,095,多選,5,拋物線的旋轉,(B)(C)(D),msseq 二次曲線,,63,86,71,32,89,81,69,52,22,44,54,8,12,17,30,13,89,77,76,25,1,98,93,95,19,30,78,56,55,32
,sdczk-mj095-1-06ax,指考數甲095,指考數甲,095,多選,6,五次多項式與極限,(B)(D)(E),msadx 多項式,,32,59,28,9,69,42,28,17,6,16,50,27,14,11,11,29,67,26,68,44,19,85,13,82,61,38,50,40,57,35
,sdczk-mj095-1-07ax,指考數甲095,指考數甲,095,填充,A,給長度關係求夾角,$-\frac{7}{8}$,msspx 平面向量,,26,59,17,2,70,36,17,6,1,,57,34,19,11,5,,,,,,,,,,,,,,,
,sdczk-mj095-1-08ax,指考數甲095,指考數甲,095,填充,B,球面與平面相交,$\sqrt{29}$,msskx 空間向量,,41,82,35,6,90,64,36,14,2,,76,26,28,22,12,,,,,,,,,,,,,,,
,sdczk-mj095-1-09ax,指考數甲095,指考數甲,095,填充,C,矩陣乘法的行的合併,"$a=4,b=-3,c=-9,d=7$",msajz 矩陣與方程組,,61,87,69,27,90,80,69,50,15,,60,10,11,19,35,,,,,,,,,,,,,,,
,sdczk-mj095-1-10ax,指考數甲095,指考數甲,095,填充,D,抽球的機率與遞迴,"$r=\frac{5}{9}, s=-\frac{1}{9}$",msnsl 數列與遞迴,,12,33,3,0,45,12,4,1,0,,33,33,8,3,1,,,,,,,,,,,,,,,
,sdczk-mj095-1-11ax,指考數甲095,指考數甲,095,填充,E,三角形兩邊長比的極值,$\frac{5}{3}$,msssj 三角函數,,8,18,4,2,25,6,4,3,1,,16,19,2,1,2,,,,,,,,,,,,,,,
,sdczk-mj095-1-12ax,指考數甲095,指考數甲,095,非選,一,與 48510 互質的合數,"(A) $2\times 3^2 \times 5 \times 7^2 \times 11$ (B) 169, 221, 247",msckx 數學綜合概念,,,,,,,,,,,,,,,,,,,,,,,,,,,,,,,
,sdczk-mj095-1-13ax,指考數甲095,指考數甲,095,非選,二,如意金箍棒的變形,(A) 2秒 (B) 60 (C) 220,msawj 微積分,,,,,,,,,,,,,,,,,,,,,,,,,,,,,,,
,sdczk-mj096-1-01ax,指考數甲096,指考數甲,096,單選,1,複數 1-z 的絕對值,(A),msssj 三角函數,,16,36,8,4,49,14,7,4,3,,32,35,7,3,1,16,5,16,19,5,36,3,10,15,3,4,8,23,25,7
,sdczk-mj096-1-02ax,指考數甲096,指考數甲,096,單選,2,絕對值分式的極限,(D),msalm 極限,,46,70,46,22,78,57,46,33,16,,48,21,11,13,17,27,9,9,46,4,20,2,2,70,1,30,17,17,22,8
,sdczk-mj096-1-03ax,指考數甲096,指考數甲,096,單選,3,平面點的移動與對數,(E),msajt 指數與對數,,47,78,43,20,87,62,43,28,16,,58,25,19,15,12,3,12,12,4,47,1,4,4,1,78,5,20,19,8,20
,sdczk-mj096-1-04ax,指考數甲096,指考數甲,096,非選,4,數據調整與相關係數,(A)(C)(D)(E),msdtj 統計,,28,46,26,12,53,34,26,20,8,9,34,19,8,6,12,74,47,70,55,55,89,44,87,69,57,57,50,53,47,53
,sdczk-mj096-1-05ax,指考數甲096,指考數甲,096,多選,5,五次多項式的商係數全為正數,(C)(D),msadx 多項式,,15,34,11,0,43,20,11,6,-2,9,34,23,9,5,8,29,33,50,46,33,17,28,62,55,25,42,38,42,41,40
,sdczk-mj096-1-06ax,指考數甲096,指考數甲,096,多選,6,四個三元一次方程組有解,(B)(C)(E),msskx 空間向量,,27,44,26,11,50,32,26,20,6,11,33,18,6,6,14,22,39,57,30,61,18,42,68,19,76,28,39,47,41,47
,sdczk-mj096-1-07ax,指考數甲096,指考數甲,096,多選,7,旋轉、鏡射矩陣的乘法,(B)(D)(E),msajz 矩陣與方程組,,52,78,54,24,83,68,54,39,15,31,54,15,14,15,24,15,84,24,62,70,5,94,11,84,82,29,73,37,42,56
,sdczk-mj096-1-08ax,指考數甲096,指考數甲,096,多選,8,三次函數的切線與面積,(C)(D)(E),msawj 微積分,,38,72,36,6,80,56,36,19,0,28,66,24,20,17,19,20,35,62,71,62,5,18,84,88,79,37,49,44,53,46
,sdczk-mj096-1-09ax,指考數甲096,指考數甲,096,填充,A,工廠抽測,$\frac{5}{21}$,msdjl 機率,,62,92,68,26,95,84,67,47,17,,66,11,17,20,30,,,,,,,,,,,,,,,
,sdczk-mj096-1-10ax,指考數甲096,指考數甲,096,填充,B,圓與直線相切,"$10, -6, 9$",mssjy 直線與圓,,31,64,24,5,74,44,25,12,3,,59,30,19,13,9,,,,,,,,,,,,,,,
,sdczk-mj096-1-11ax,指考數甲096,指考數甲,096,填充,C,無蓋的長方形紙盒,$12$,msawj 微積分,,43,68,39,22,78,51,40,32,16,,46,27,11,8,16,,,,,,,,,,,,,,,
,sdczk-mj096-1-12ax,指考數甲096,指考數甲,096,非選,1,頂點與三角形上邊上兩點的面積,"(A) $3, 5 ,-2$ (B) $\frac{15}{28}\sqrt{3}$",msssj 三角函數,,,,,,,,,,,,,,,,,,,,,,,,,,,,,,,
,sdczk-mj096-1-13ax,指考數甲096,指考數甲,096,非選,2,空間中三點的外心,"(A) $x+y+z-20=0$ (B) $(3,9,8)$",msskx 空間向量,,,,,,,,,,,,,,,,,,,,,,,,,,,,,,,
,sdczk-mj097-1-01ax,指考數甲097,指考數甲,097,單選,1,一個整數寫成兩個整數平方和,(E),msckx 數學綜合概念,,81,94,83,66,96,90,84,80,58,,28,6,6,4,22,2,3,5,6,82,0,1,2,1,94,4,5,9,13,67
,sdczk-mj097-1-02ax,指考數甲097,指考數甲,097,單選,2,斜坡與旗竿的投影,(C),msssj 三角函數,,47,78,44,19,85,62,43,28,15,,59,23,19,15,13,13,9,47,4,6,6,4,78,1,4,19,15,19,7,6
,sdczk-mj097-1-03ax,指考數甲097,指考數甲,097,多選,3,旋轉矩陣,(A)(C)(E),msajz 矩陣與方程組,,52,84,58,14,89,75,58,36,3,42,70,14,17,22,33,71,17,76,21,68,87,4,95,5,87,53,35,54,40,45
,sdczk-mj097-1-04ax,指考數甲097,指考數甲,097,多選,4,有人結果不同就出局,(C)(D),msdjl 機率,,40,67,38,15,76,51,37,27,8,24,52,25,14,10,19,16,15,67,54,33,7,4,86,69,22,28,30,52,45,44
,sdczk-mj097-1-05ax,指考數甲097,指考數甲,097,多選,5,對數與回歸直線,(A)(D),msajt 指數與對數,,47,81,48,12,88,68,48,29,3,35,69,20,20,19,26,72,18,15,68,30,93,7,5,90,16,49,29,28,46,43
,sdczk-mj097-1-06ax,指考數甲097,指考數甲,097,多選,6,二次方程式的兩根與極限,(A)(B)(D)(E),msalm 極限,,37,67,34,10,76,49,34,21,4,20,57,27,15,13,17,70,74,17,43,49,89,93,7,60,75,51,52,30,34,30
,sdczk-mj097-1-07ax,指考數甲097,指考數甲,097,多選,7,導函數與 x 軸交兩點,(A)(C),msawj 微積分,,34,70,30,2,80,50,29,14,-4,24,68,30,21,15,18,72,17,64,29,48,90,5,86,16,29,49,33,45,35,58
,sdczk-mj097-1-08ax,指考數甲097,指考數甲,097,多選,8,給拋物線上一點及對稱軸,(A)(C)(E),msseq 二次曲線,,21,44,16,3,52,29,18,10,-2,11,41,23,11,8,12,67,40,42,44,75,85,37,54,32,87,49,41,34,54,60
,sdczk-mj097-1-09ax,指考數甲097,指考數甲,097,填充,A,五邊形數,"$n=9, m = 126$",msnsl 數列與遞迴,,58,79,58,37,86,66,57,51,29,,42,20,9,6,22,,,,,,,,,,,,,,,
,sdczk-mj097-1-10ax,指考數甲097,指考數甲,097,填充,B,,$39$,msskx 空間向量,,58,92,67,15,96,85,68,34,6,,77,11,17,34,28,,,,,,,,,,,,,,,
,sdczk-mj097-1-11ax,指考數甲097,指考數甲,097,非選,1,給三次函數在兩點的切線斜率,$p(x)=x^3+3x^2-2x+1$,msawj 微積分,,,,,,,,,,,,,,,,,,,,,,,,,,,,,,,
,sdczk-mj097-1-12ax,指考數甲097,指考數甲,097,非選,2,已知三角形三高,(B) $\frac{16\sqrt{15}}{5}$,msssj 三角函數,,,,,,,,,,,,,,,,,,,,,,,,,,,,,,,
,sdczk-mj098-1-01ax,指考數甲098,指考數甲,098,單選,1,對數表的內插法,(C),msajt 指數與對數,,64,80,65,47,86,71,63,58,41,,33,15,8,5,17,2,7,64,22,1,0,3,80,15,0,4,12,47,27,2
,sdczk-mj098-1-02ax,指考數甲098,指考數甲,098,單選,2,連續三次同一面就停止,(E),msdjl 機率,,29,51,25,11,60,35,25,17,9,,40,25,10,8,8,23,34,7,4,29,21,23,2,2,51,24,44,11,6,11
,sdczk-mj098-1-03ax,指考數甲098,指考數甲,098,單選,3,複數平面的乘積,(D),msssj 三角函數,,29,61,18,8,75,36,16,11,7,,53,39,20,5,4,16,3,5,29,8,10,2,2,61,6,20,6,9,8,9
,sdczk-mj098-1-04ax,指考數甲098,指考數甲,098,多選,4,平面的截距式,(B),msskx 空間向量,,47,83,50,8,89,70,51,28,-1,44,75,19,19,23,29,30,81,22,28,,11,95,7,10,,52,65,38,48,
,sdczk-mj098-1-05ax,指考數甲098,指考數甲,098,多選,5,稜邊中點連線向量,(A)(D),msskx 空間向量,,53,85,63,11,90,76,63,42,-6,50,74,14,13,21,48,79,25,23,75,,96,8,9,91,,56,47,44,56,
,sdczk-mj098-1-06ax,指考數甲098,指考數甲,098,多選,6,給四次函數的反曲點與切線斜率,(A)(C),msawj 微積分,,38,72,39,3,80,57,40,18,-5,33,69,23,17,22,23,78,41,63,25,,94,25,85,8,,61,55,43,43,
,sdczk-mj098-1-07ax,指考數甲098,指考數甲,098,多選,7,第$n$次得$n$元,(B)(D),msdjl 機率,,33,54,31,14,62,39,29,22,9,21,40,23,10,7,13,15,71,50,59,,8,88,43,71,,24,55,56,53,
,sdczk-mj098-1-08ax,指考數甲098,指考數甲,098,填充,A,觀測兩個旗竿的仰角,$3.3$,msssj 三角函數,,42,80,38,8,87,64,40,18,3,,72,23,24,22,15,,,,,,,,,,,,,,,
,sdczk-mj098-1-09ax,指考數甲098,指考數甲,098,填充,B,經列運算化為列梯形,"$13, 10$",msajz 矩陣與方程組,,66,92,74,32,96,85,73,54,19,,60,11,12,19,35,,,,,,,,,,,,,,,
,sdczk-mj098-1-10ax,指考數甲098,指考數甲,098,填充,C,正三角形內的直角三角形,$0.92$,msssj 三角函數,,32,69,24,3,81,46,24,9,1,,66,35,22,15,8,,,,,,,,,,,,,,,
,sdczk-mj098-1-11ax,指考數甲098,指考數甲,098,非選,2,圓形限制範圍的極值,"$2\sqrt{2}$, $-\sqrt{3}-1$",mssjy 直線與圓,,,,,,,,,,,,,,,,,,,,,,,,,,,,,,,
,sdczk-mj098-1-12ax,指考數甲098,指考數甲,098,非選,3,四次函數在某區間的積分值最大,"$a=0,b=1$, 最大值 $\frac{13}{60}$",msawj 微積分,,,,,,,,,,,,,,,,,,,,,,,,,,,,,,,
,sdczk-mj099-1-01ax,指考數甲099,指考數甲,099,單選,1,向量與夾角,(E),msspx 平面向量,,70,89,77,44,92,84,77,65,31,,45,8,7,12,34,3,9,4,10,70,1,5,1,4,89,6,13,9,17,44
,sdczk-mj099-1-02ax,指考數甲099,指考數甲,099,單選,2,三球數字和大於 $14$,(B),msdjl 機率,,88,97,92,75,98,95,91,86,69,,22,3,4,5,17,3,88,3,2,3,1,97,1,0,0,5,75,6,3,6
,sdczk-mj099-1-03ax,指考數甲099,指考數甲,099,單選,3,矩陣與行列式,(D),msajz 矩陣,,46,79,45,14,86,64,44,24,9,,65,22,20,20,15,22,3,15,46,1,8,1,9,79,0,34,7,21,14,1
,sdczk-mj099-1-04ax,指考數甲099,指考數甲,099,單選,4,三次多項式的反曲點,(B),msadx 多項式,,48,75,49,20,82,63,48,30,16,,55,19,15,18,14,6,48,26,4,1,2,75,20,1,0,9,21,28,9,3
,sdczk-mj099-1-05ax,指考數甲099,指考數甲,099,單選,5,三角函數的疊合,(C),msssj 三角函數,,46,82,40,16,90,64,41,23,12,,66,26,23,18,11,8,6,46,9,11,4,1,82,2,6,11,12,16,16,13
,sdczk-mj099-1-06ax,指考數甲099,指考數甲,099,多選,6,有倒數關係的兩項之和,(B)(D),msckx 數學綜合概念,,29,57,22,8,68,35,22,14,4,21,49,33,13,8,10,12,62,51,59,,3,83,36,69,,22,47,64,54,
,sdczk-mj099-1-07ax,指考數甲099,指考數甲,099,多選,7,$\sqrt{3}$ 次方,(C),msajt 指數與對數,,47,73,48,20,80,62,49,35,11,30,53,18,13,14,24,25,21,85,42,,15,6,96,29,,34,40,71,51,
,sdczk-mj099-1-08ax,指考數甲099,指考數甲,099,填充,A,極限與平面相交情況,$-2$,msalm 極限,,47,84,46,11,91,70,45,23,5,,73,21,25,22,18,,,,,,,,,,,,,,,
,sdczk-mj099-1-09ax,指考數甲099,指考數甲,099,填充,B,三次多項式微分後的資訊反求多項式,$-15$,msawj 微積分,,71,98,86,29,99,95,86,61,13,,69,4,9,25,48,,,,,,,,,,,,,,,
,sdczk-mj099-1-10ax,指考數甲099,指考數甲,099,填充,C,給外接圓半徑及一邊一角,$\dfrac{33}{65}$,msssj 三角函數,,27,63,16,2,77,38,17,5,1,,61,39,21,12,4,,,,,,,,,,,,,,,
,sdczk-mj099-1-11ax,指考數甲099,指考數甲,099,填充,D,第四位可抽獎的條件下,$\frac{11}{14}$,msdjl 機率,,30,56,25,9,67,37,24,15,5,,47,30,13,9,10,,,,,,,,,,,,,,,
,sdczk-mj099-1-12ax,指考數甲099,指考數甲,099,非選,1,三次多項式的反曲點及切線,"(A) $b=0, c=-1, d=0$ (B) $a=\frac{1}{4}$",msawj 微積分,,,,,,,,,,,,,,,,,,,,,,,,,,,,,,,
,sdczk-mj099-1-13ax,指考數甲099,指考數甲,099,非選,2,球與平面相交情況,"(A) $(1,-2,7)$, $(3,6,3)$ (B) $54\pi$ (C) $2x+2y+5z=33$.",msskx 空間向量,,,,,,,,,,,,,,,,,,,,,,,,,,,,,,,
,sdczk-mj100-1-01ax,指考數甲100,指考數甲,100,單選,1,$2^x=5^y$,(E),msajt 指數與對數,,69,90,73,44,94,83,74,62,34,,46,11,9,12,28,2,5,5,19,69,1,1,2,6,90,4,11,8,33,44
,sdczk-mj100-1-02ax,指考數甲100,指考數甲,100,單選,2,2x2 方格中，左邊大於右邊的機率,(B),msdjl 機率,,80,95,85,60,97,91,86,77,50,,35,6,5,9,27,3,80,7,6,4,1,95,1,2,1,7,60,14,11,8
,sdczk-mj100-1-03ax,指考數甲100,指考數甲,100,單選,3,六角星與向量,(D),msspx 平面向量,,40,65,37,18,74,47,35,27,14,,47,27,12,8,13,14,15,23,40,7,9,8,16,65,3,17,23,28,18,13
,sdczk-mj100-1-04ax,指考數甲100,指考數甲,100,單選,4,三次函數在不同取值的解個數,(C),msawj 微積分,,67,92,71,38,96,86,71,52,31,,54,10,15,19,21,3,10,67,15,4,0,4,92,3,1,8,17,38,29,8
,sdczk-mj100-1-05ax,指考數甲100,指考數甲,100,多選,5,矩陣的乘法與行列式,(A)(C),msajz 矩陣與方程組,,61,84,63,36,89,75,65,51,27,47,48,14,10,14,24,93,5,62,32,,99,0,82,13,,84,14,43,55,
,sdczk-mj100-1-06ax,指考數甲100,指考數甲,100,多選,6,通話費用函數,(A)(D),msckx 數學綜合概念,,36,59,32,17,67,45,33,23,14,15,42,22,12,10,9,95,39,74,80,,99,17,59,93,,90,61,80,64,
,sdczk-mj100-1-07ax,指考數甲100,指考數甲,100,多選,7,平面與正立方體的交點,(B),msskx 空間向量,,40,64,34,22,73,48,34,26,21,23,42,25,14,8,5,49,87,33,38,,34,97,19,18,,55,74,49,52,
,sdczk-mj100-1-08ax,指考數甲100,指考數甲,100,填充,A,三角形內的矩形,$10$,msckx 數學綜合概念,,42,77,38,11,87,59,35,19,8,,66,28,24,16,11,,,,,,,,,,,,,,,
,sdczk-mj100-1-09ax,指考數甲100,指考數甲,100,填充,B,瑕疵品,$30$,msdjl 機率,,53,89,54,16,94,77,55,31,9,,73,17,22,24,22,,,,,,,,,,,,,,,
,sdczk-mj100-1-10ax,指考數甲100,指考數甲,100,填充,C,三次函數的切線與面積,$27$,msawj 微積分,,38,76,33,5,86,57,31,11,2,,71,29,26,20,9,,,,,,,,,,,,,,,
,sdczk-mj100-1-11ax,指考數甲100,指考數甲,100,填充,D,兩平面夾30度,$\frac{1}{3}$,msskx 空間向量,,42,81,36,9,89,64,36,16,6,,72,25,28,20,10,,,,,,,,,,,,,,,
,sdczk-mj100-1-12ax,指考數甲100,指考數甲,100,非選,一,三次多項式的反曲點與積分,"(A) $(1,25)$  (B) $50$",msawj 微積分,,,,,,,,,,,,,,,,,,,,,,,,,,,,,,,
,sdczk-mj100-1-13ax,指考數甲100,指考數甲,100,非選,二,,"$x\geq 6, 1 \leq x \leq 5$",msajt 指數與對數,,,,,,,,,,,,,,,,,,,,,,,,,,,,,,,
,sdczk-mj101-1-01ax,指考數甲101,指考數甲,101,單選,1,三次函數與微積分基本定理,(C),msawj 微積分,,55,83,53,29,90,70,51,36,25,,54,20,19,15,11,9,28,55,6,3,3,11,83,2,1,15,39,29,13,4
,sdczk-mj101-1-02ax,指考數甲101,指考數甲,101,單選,2,有大學文憑的員工,(A),msdjl 機率,,93,100,98,81,100,99,98,95,72,,19,1,1,3,23,93,1,3,1,2,100,0,0,0,0,81,3,7,4,5
,sdczk-mj101-1-03ax,指考數甲101,指考數甲,101,單選,3,機率為 log 值,(B),msdjl 機率,,86,100,95,63,100,99,97,88,48,,37,1,2,9,40,2,86,5,5,1,0,100,0,0,0,5,63,13,15,4
,sdczk-mj101-1-04ax,指考數甲101,指考數甲,101,單選,4,,(E),msajz 矩陣,,50,79,51,20,86,66,51,35,12,,59,20,15,16,23,10,2,29,9,50,5,0,13,2,79,12,5,47,16,20
,sdczk-mj101-1-05ax,指考數甲101,指考數甲,101,單選,5,$9^x+3^y$ 的極值,(D),msajt 指數與對數,,57,89,59,23,93,79,58,37,16,,66,14,21,21,21,7,7,15,57,14,5,1,3,89,2,8,15,28,23,27
,sdczk-mj101-1-06ax,指考數甲101,指考數甲,101,多選,6,二次方根為三角函數值,(B)(C)(D),msssj 三角函數,,58,80,60,34,85,72,61,47,28,39,46,13,11,14,19,27,72,72,82,18,7,85,84,93,7,49,58,58,69,30
,sdczk-mj101-1-07ax,指考數甲101,指考數甲,101,多選,7,重心與向量,(A)(C)(D),msspx 平面向量,,43,65,40,24,73,50,39,32,20,18,41,23,11,7,12,77,29,58,84,48,91,10,72,91,36,62,50,49,77,57
,sdczk-mj101-1-08ax,指考數甲101,指考數甲,101,多選,8,給多項式的一次、二次微分資訊反推,(B)(E),msawj 微積分,,55,85,56,24,90,74,57,36,18,36,61,16,17,21,18,36,81,23,31,80,19,96,6,7,96,50,63,45,58,59
,sdczk-mj101-1-09ax,指考數甲101,指考數甲,101,多選,9,兩個相交的四面體,(A)(B)(C),msskx 空間向量,,59,82,59,36,88,71,59,48,30,39,46,17,12,11,18,85,71,79,21,27,96,88,88,9,11,71,54,73,33,43
,sdczk-mj101-1-10ax,指考數甲101,指考數甲,101,填充,A,包含 x 軸的一個平面,"$a=0, b = 0, c = \frac{5}{3}$",msskx 空間向量,,39,81,31,5,92,58,30,12,2,,76,34,28,18,10,,,,,,,,,,,,,,,
,sdczk-mj101-1-11ax,指考數甲101,指考數甲,101,填充,B,空間中有共邊的正方形,$27$,msskx 空間向量,,38,78,32,4,87,60,32,10,2,,74,27,28,22,8,,,,,,,,,,,,,,,
,sdczk-mj101-1-12ax,指考數甲101,指考數甲,101,非選,1,多項式函數與微積分,(A) 次數 $4$ 係數 $5$ (B) $y=3x$ (C) $\frac{8}{3}$,msawj 微積分,,,,,,,,,,,,,,,,,,,,,,,,,,,,,,,
,sdczk-mj101-1-13ax,指考數甲101,指考數甲,101,非選,2,三角形的角平分線,"$\frac{5}{14}\sqrt{3}, \frac{5}{7}\sqrt{3}, \frac{15}{2}$",msssj 三角函數,,,,,,,,,,,,,,,,,,,,,,,,,,,,,,,
,sdczk-mj102-1-01ax,指考數甲102,指考數甲,102,單選,1,兩複數相除為 i,(E),msssj 三角函數,,70,94,78,38,97,89,77,61,24,,56,8,12,16,37,2,10,5,14,70,0,1,1,4,94,4,23,9,26,38
,sdczk-mj102-1-02ax,指考數甲102,指考數甲,102,單選,2,兩對數函數與鉛垂線交點,(C),msajt 指數與對數,,58,80,57,37,86,69,57,45,32,,43,17,12,12,13,7,16,58,10,9,3,7,80,5,5,11,24,37,16,12
,sdczk-mj102-1-03ax,指考數甲102,指考數甲,102,單選,3,取出兩球中的較小號碼的機率,(B),msdpc 排列組合與記數原理,,65,91,70,34,94,84,68,51,25,,57,10,16,17,26,4,65,17,10,5,1,91,4,2,2,6,34,32,19,9
,sdczk-mj102-1-04ax,指考數甲102,指考數甲,102,單選,4,三階方陣行列式為奇數的機率,(B),msdjl 機率,,53,78,52,29,84,66,52,39,24,,49,18,14,13,15,21,53,13,10,4,13,78,5,3,2,27,29,22,16,6
,sdczk-mj102-1-05ax,指考數甲102,指考數甲,102,多選,5,過平面上四點的圖形,(C)(D)(E),msckx 數學綜合概念,,53,67,51,41,72,58,51,47,37,24,26,14,7,4,10,4,32,79,76,54,1,19,89,81,64,8,45,70,71,49
,sdczk-mj102-1-06ax,指考數甲102,指考數甲,102,多選,6,三平面交點的 z 坐標為 1,(A)(B)(E),msajz 矩陣與方程組,,49,78,46,23,85,64,46,32,18,32,55,21,18,14,14,83,72,28,34,60,93,92,10,13,79,70,53,48,53,45
,sdczk-mj102-1-07ax,指考數甲102,指考數甲,102,多選,7,矩陣的三根與等比數列的收斂,(B)(D),msalm 極限,,61,86,63,34,90,78,65,47,27,42,52,12,13,18,20,28,93,30,79,20,16,99,10,94,4,44,85,51,61,38
,sdczk-mj102-1-08ax,指考數甲102,指考數甲,102,多選,8,兩個三角函數絕對值的和,(A)(B),msssj 三角函數,,54,80,57,25,85,71,56,38,18,32,55,14,15,18,20,81,83,24,25,45,96,97,8,9,27,60,65,44,45,61
,sdczk-mj102-1-09ax,指考數甲102,指考數甲,102,多選,9,空間中兩向量的關係,(A)(C)(E),msskx 空間向量,,37,55,31,25,63,39,31,28,22,16,30,24,8,3,6,70,45,67,40,63,83,29,74,24,71,59,56,64,53,61
,sdczk-mj102-1-10ax,指考數甲102,指考數甲,102,填充,A,垂直於一平面的直線,$6\sqrt{5}$,msskx 空間向量,,71,96,84,33,98,93,85,62,17,,63,5,8,23,45,,,,,,,,,,,,,,,
,sdczk-mj102-1-11ax,指考數甲102,指考數甲,102,填充,B,圓與直線的交點在不同象限,"$a=\frac{2}{3}$, $b=\frac{5}{3}$",msadx 多項式,,48,86,48,10,92,72,49,23,4,,76,20,23,26,19,,,,,,,,,,,,,,,
,sdczk-mj102-1-12ax,指考數甲102,指考數甲,102,非選,一,多項式與面積,(B) $-t+\frac{4}{3}$ (C) $-4$ (D) $4x^3+2x^2+2x$,msawj 微積分,,,,,,,,,,,,,,,,,,,,,,,,,,,,,,,
,sdczk-mj102-1-13ax,指考數甲102,指考數甲,102,非選,二,點與線性變換矩陣,"(A) $M = \left[\begin{array}{cc}1 & -1 \\ \sqrt{2} & \sqrt{2} \end{array}\right]$, (B) $6 \sqrt{2}$",msajz 矩陣與方程組,,,,,,,,,,,,,,,,,,,,,,,,,,,,,,,
,sdczk-mj103-1-01ax,指考數甲103,指考數甲,103,單選,1,圓與絕對值方程式的交點,(D),mssjy 直線與圓,,36,65,33,10,74,49,31,17,7,,55,25,18,14,10,5,31,26,36,3,1,14,19,65,1,12,46,26,10,6
,sdczk-mj103-1-02ax,指考數甲103,指考數甲,103,單選,2,往塔等速前進何者成等差,(E),msssj 三角函數,,73,96,84,39,97,92,84,66,24,,57,5,8,18,42,4,5,10,9,73,0,1,2,2,96,10,11,20,19,39
,sdczk-mj103-1-03ax,指考數甲103,指考數甲,103,單選,3,雙層次方的指數,(C),msajt 指數與對數,,76,96,86,46,97,93,85,70,34,,50,4,8,15,36,4,9,76,6,5,1,2,96,1,1,8,20,46,14,11
,sdczk-mj103-1-04ax,指考數甲103,指考數甲,103,單選,4,兩多項式相除餘式的極限,(C),msalm 極限,,18,27,13,14,32,17,13,13,15,,13,15,4,0,-2,29,12,18,4,37,24,6,27,2,41,30,19,14,8,29
,sdczk-mj103-1-05ax,指考數甲103,指考數甲,103,多選,5,空間向量的內積與外積,(A)(D)(E),msskx 空間向量,,40,60,39,21,67,49,40,28,18,16,39,18,9,12,10,87,39,35,42,79,98,23,18,48,92,69,56,53,40,64
,sdczk-mj103-1-06ax,指考數甲103,指考數甲,103,多選,6,三次函數的極值,(C)(D),msawj 微積分,,62,85,67,34,88,79,67,49,26,41,51,9,12,18,23,13,32,74,93,26,2,16,93,99,12,33,49,53,82,41
,sdczk-mj103-1-07ax,指考數甲103,指考數甲,103,多選,7,五賽三勝的機率,(A)(C)(D),msdsp 隨機變數,,28,40,23,21,47,29,23,21,20,9,19,18,6,2,1,71,65,45,71,39,87,67,55,77,24,56,58,45,68,54
,sdczk-mj103-1-08ax,指考數甲103,指考數甲,103,多選,8,指數型的聯立方程組,(A)(B),msajz 矩陣與方程組,,28,39,28,17,44,31,26,22,15,8,22,13,5,4,7,68,72,28,64,60,83,77,12,62,56,51,69,46,64,61
,sdczk-mj103-1-09ax,指考數甲103,指考數甲,103,多選,9,四邊形及其對角線,(D)(E),msssj 三角函數,,50,69,52,29,73,60,51,41,23,24,40,13,9,10,18,18,52,21,76,78,3,39,8,81,88,41,61,36,70,66
,sdczk-mj103-1-10ax,指考數甲103,指考數甲,103,填充,A,長方體中兩向量的內積,$9$,msskx 空間向量,,80,97,91,52,98,96,91,79,36,,45,2,5,12,43,,,,,,,,,,,,,,,
,sdczk-mj103-1-11ax,指考數甲103,指考數甲,103,填充,B,三球不同行、同列的機率,$\frac{1}{14}$,msdjl 機率,,46,74,45,19,81,61,45,31,12,,55,20,16,14,19,,,,,,,,,,,,,,,
,sdczk-mj103-1-12ax,指考數甲103,指考數甲,103,非選,一,二次曲線與面積,"(A) $\frac{1}{6}$, (B) $1-\frac{1}{\sqrt[3]{2}}$",msawj 微積分,,,,,,,,,,,,,,,,,,,,,,,,,,,,,,,
,sdczk-mj103-1-13ax,指考數甲103,指考數甲,103,非選,二,複數 n 次方的結果,(A) $16$ (B) $T=  \left[\begin{array}{cc} 1 & -1 \\1 & 1 \end{array}\right]$,msadx 多項式,,,,,,,,,,,,,,,,,,,,,,,,,,,,,,,
,sdczk-mj104-1-01ax,指考數甲104,指考數甲,104,單選,1,$\sqrt{10}^x$,(C),msajt 指數與對數,,70,89,77,44,93,84,77,62,35,,45,9,7,15,27,12,10,70,5,3,4,4,89,2,1,22,18,44,10,5
,sdczk-mj104-1-02ax,指考數甲104,指考數甲,104,單選,2,對一直線作線性變換,(E),msajz 矩陣與方程組,,54,90,58,14,94,81,59,28,7,,76,13,22,31,21,9,11,15,11,54,2,2,5,2,90,17,22,25,22,14
,sdczk-mj104-1-03ax,指考數甲104,指考數甲,104,單選,3,複數平面上四點圍成正方形,(D),msssj 三角函數,,49,78,46,23,86,64,46,33,18,,55,22,18,13,15,7,16,20,49,7,3,7,9,78,2,11,23,32,23,10
,sdczk-mj104-1-04ax,指考數甲104,指考數甲,104,多選,4,直角三角形與向量,(C)(E),msspx 平面向量,,70,92,77,41,94,87,79,62,29,62,51,7,8,17,33,19,21,78,17,77,6,6,93,3,93,37,42,58,35,56
,sdczk-mj104-1-05ax,指考數甲104,指考數甲,104,多選,5,$f(x)$ 除 $(x^2-2x+2)(x^2+1)$ 的餘式,(A)(D),msadx 多項式,,30,45,28,17,51,34,27,22,14,10,28,17,7,5,8,81,18,67,45,45,96,8,54,49,33,61,32,75,46,56
,sdczk-mj104-1-06ax,指考數甲104,指考數甲,104,多選,6,二次多項式與三次多項式的相對極小值,(B)(E),msawj 微積分,,48,73,47,24,79,61,47,34,19,33,49,18,14,13,15,16,91,50,49,76,2,98,31,28,93,36,81,63,64,57
,sdczk-mj104-1-07ax,指考數甲104,指考數甲,104,多選,7,圓內的直線與正三角形,(A)(D),mssjy 直線與圓,,56,75,57,36,80,66,56,49,29,31,39,14,10,7,20,92,15,34,72,35,99,9,14,84,24,82,25,54,61,44
,sdczk-mj104-1-08ax,指考數甲104,指考數甲,104,多選,8,人工受孕成功的機率,(B)(D),msdjl 機率,,42,65,40,21,71,54,41,29,17,20,44,17,13,12,12,18,73,32,68,56,4,89,17,84,43,37,59,48,51,64
,sdczk-mj104-1-09ax,指考數甲104,指考數甲,104,填充,A,五次多項式與微分積分,"$a= 9, b= -2$",msawj 微積分,,31,64,24,5,75,44,24,11,2,,59,31,20,13,9,,,,,,,,,,,,,,,
,sdczk-mj104-1-10ax,指考數甲104,指考數甲,104,填充,B,空間中的平行四邊形,"$(26,-3)$",msskx 空間向量,,25,58,15,2,71,34,15,5,1,,56,37,19,10,4,,,,,,,,,,,,,,,
,sdczk-mj104-1-11ax,指考數甲104,指考數甲,104,填充,C,取球的期望值與極限,$15$,msalm 極限,,25,47,21,7,58,30,20,12,4,,40,28,10,8,8,,,,,,,,,,,,,,,
,sdczk-mj103-1-12ax,指考數甲104,指考數甲,104,非選,一,時針與分針,(1) $\dfrac{\pi}{72}$ (2) $\dfrac{\pi}{3}$ (3) $22$ 分,msssj 三角函數,,,,,,,,,,,,,,,,,,,,,,,,,,,,,,,
,sdczk-mj103-1-13ax,指考數甲104,指考數甲,104,非選,二,數列兩項相差為等比,(1) $a_6= (\dfrac{1}{5})^1+\dfrac{1}{5})^2+\dfrac{1}{5})^3+\dfrac{1}{5})^4+\dfrac{1}{5})^5+\dfrac{1}{5})^6)$ $- (\dfrac{1}{3})^1+\dfrac{1}{3})^3+\dfrac{1}{3})^5)$ (2) $-\dfrac{1}{8}$,msnsl 數列與遞迴,,,,,,,,,,,,,,,,,,,,,,,,,,,,,,,
,sdczk-mj105-1-01ax,指考數甲105,指考數甲,105,單選,1,$\log a - \log x = \log (a-x)$,(E),msajt 指數與對數,,62,92,70,24,95,86,71,46,12,,68,9,15,25,34,9,7,6,16,62,1,1,1,4,92,19,14,13,30,24
,sdczk-mj105-1-02ax,指考數甲105,指考數甲,105,單選,2,最接近 $\cos(2.6\pi)$,(C),msssj 三角函數,,55,80,57,28,85,70,57,42,20,,52,15,13,15,22,7,14,55,15,9,2,9,80,6,2,13,18,28,25,16
,sdczk-mj105-1-03ax,指考數甲105,指考數甲,105,單選,3,向量的內積,(D),msspx 平面向量,,51,80,50,23,85,68,49,34,16,,57,17,19,15,18,6,6,16,51,21,1,2,4,80,14,15,10,31,23,22
,sdczk-mj105-1-04ax,指考數甲105,指考數甲,105,單選,4,二次函數與一次相切,(A),msadx 多項式,,30,52,26,12,62,36,25,17,9,,40,26,11,8,8,30,7,16,8,39,52,4,9,6,29,12,10,24,9,46
,sdczk-mj105-1-05ax,指考數甲105,指考數甲,105,多選,5,平面上距離原點最近點,(B)(C),msskx 空間向量,,61,92,66,25,95,85,66,40,18,46,67,10,19,26,22,17,84,78,22,38,1,98,97,3,12,38,66,52,47,62
,sdczk-mj105-1-06ax,指考數甲105,指考數甲,105,多選,6,矩陣與線性變換,(B)(C)(E),msajz 矩陣與方程組,,53,83,53,23,88,72,54,34,18,36,60,16,18,20,16,38,78,80,30,71,10,95,92,13,89,66,58,68,48,53
,sdczk-mj105-1-07ax,指考數甲105,指考數甲,105,多選,7,數線上兩個靠近的點,(A)(D),msalm 極限,,48,63,48,33,67,55,48,43,27,20,30,12,7,5,16,88,20,31,70,49,98,10,17,81,49,74,33,46,62,48
,sdczk-mj105-1-08ax,指考數甲105,指考數甲,105,填充,A,前兩次有正面的情況下,$\dfrac{3}{16}$,msdjl 機率,,23,46,17,6,57,27,16,8,4,,40,30,11,8,4,,,,,,,,,,,,,,,
,sdczk-mj105-1-09ax,指考數甲105,指考數甲,105,填充,B,三階行列式,"$(1,-2,1)$",msskx 空間向量,,72,96,85,35,98,93,86,65,19,,61,5,7,21,46,,,,,,,,,,,,,,,
,sdczk-mj105-1-10ax,指考數甲105,指考數甲,105,填充,C,複數的極值問題,$\dfrac{3}{16}$,msssj 三角函數,,47,86,48,7,92,73,48,19,2,,79,19,25,29,17,,,,,,,,,,,,,,,
,sdczk-mj105-1-11ax,指考數甲105,指考數甲,105,填充,D,轉盤與期望值,$\dfarc{21}{16}$,msdsp 隨機變數,,45,78,44,13,85,62,43,27,6,,65,23,19,16,21,,,,,,,,,,,,,,,
,sdczk-mj105-1-12ax,指考數甲105,指考數甲,105,非選,一,圓切線與向量線性組合,(1) $x=\dfrac{3}{2}$ (2) $\alpha = \dfrac{5}{8}$ 、$\beta = \dfrac{3}{8}$,msspx 平面向量,,,,,,,,,,,,,,,,,,,,,,,,,,,,,,,
,sdczk-mj105-1-13ax,指考數甲105,指考數甲,105,非選,二,給積分後的條件反求原式,(1) $a<0$ (2) $a=-12$ (3) $G(x)$ 之最小值為 $G(0)=0$,msawj 微積分,,,,,,,,,,,,,,,,,,,,,,,,,,,,,,,